{"cameraMode":{"drawMode":0,"name":"Shaded","section":"Shading Mode"},"sceneLighting":true,"audioPlay":false,"sceneViewState":{"m_AlwaysRefresh":false,"showFog":true,"showSkybox":true,"showFlares":true,"showImageEffects":true,"showParticleSystems":true,"showVisualEffectGraphs":true,"m_FxEnabled":true},"in2DMode":false,"pivot":{"x":-0.04807233810424805,"y":0.9999988079071045,"z":4.198022365570068},"rotation":{"x":0.08576986938714981,"y":-0.5749981999397278,"z":0.060771241784095767,"w":0.8114011883735657},"size":5.1247453689575199,"orthographic":false}